Timestamp,Sapaan,Nama,Jenis Penanya,Nama Perusahaan/Instansi,Nomor WA,Email,Dari mana Anda mengetahui BBSPJIBBT/B4T dan layanan WA ini?,Apakah ini pertama kali Anda menghubungi layanan WA B4T/BBSPJIBBT?,Bidang Layanan,Jenis Pengujian,Apa yang ingin diketahui?,Sudah punya kode booking?,Kode Booking,Jenis Sertifikasi,Jenis kebutuhan,Jenis kebutuhan,Jenis kebutuhan,Kode Booking,Jenis kebutuhan,Kode Booking / Nomor Virtual Account,Jenis kebutuhan,Jenis keluhan,Kode Booking (jika ada),Jenis aduan,Pertanyaan/keterangan tambahan,Sampel yang akan diambil:,Tanggal Pengambilan Sampel,TX Number,Status Respon,Customer Service,WA Repeat,Respon dari CS,Repeat - Nama Konsumen,Keluhan
03/08/2026 8:44:53,Ibu,Nanda,Perusahaan Swasta,PT BV,081584807365,nanda.virnia@bureauveritas.com,Sudah pernah jadi customer sebelumnya,Tidak,Hasil Pengujian,,,,,,,,,49FWN46 VWHNM79 BL5HWEN,Revisi LHU,,,,,,pengajuan di tolak DJID karna LHU EMC tidak terdeteksi TTE nya,,,TX-26-08-0001,Selesai,Akbar,6281584807365,sudah dikirim email kembali,,
03/08/2026 8:46:36,Bapak,Bagus Suryana,Instansi Pemerintah,Balai Teknik Sabo,08170402566,bagoes.surya@pu.go.id,Website resmi B4T/BBSPJIBBT,Ya,Permintaan Informasi Layanan,Kalibrasi,Harga/penawaran,,,,,,,,,,,,,,"Untuk kalibrasi load cell UCS, load cell shearmatic dan load cell kuat tekan beton bisakah saya minta penawaran harganya untuk exsitu",,,TX-26-08-0002,Sedang Diproses,Lia,628170402566,,,
03/08/2026 8:52:35,Kak/Saudara/i,DONI HARDO TARIGAN,Instansi Pemerintah,Ditreskrimsus Polda Papua Barat,082122740426,hardotarigan07@gmail.com,Pencarian Google,Ya,Lainnya,,,,,,,,,,,,,,,,Melakukan pengujian laboratorium terkait baju bayi apakah sudah memenuhi SNI,,,TX-26-08-0003,Selesai,Auliya,6282122740426,"tidak masuk ruang lingkup, diarahikan ke BBSPJI Tekstil",,
03/08/2026 9:01:28,Ibu,Lisa,Perusahaan Swasta,PT. MEDMAX,081131136915,legal.medmaxglobal@gmail.com,Website resmi B4T/BBSPJIBBT,Tidak,Sertifikasi,,,,,Sertifikasi Produk,SNI Pengecualian,,,,,,,,,,"Kami berencana akan impor/produksi mesin cuci linen (skala besar untuk RS / hotel) & setrika uap. Saya cek di PERMENPERIN 7 2025 untuk deskripsi MESIN CUCI & SETRIKA UAP tidak termasuk spesifikasi produk kami, karena kami bukan skala rumah tangga. Namun di deskripsi MESIN CUCI tercantum HS CODE 84502000 yg mana saya konfirmasi ke produsen mereka menggunakan HS CODE tsb padahal skala nya bukan rumah tangga. Kami sudah konfirmasi ke KEMEPRINDAG kami mengikuti regulasi yg mana, karena antara deskripsi dan HS Code yg tercantum beda makna dan solusinya disuruh konsultasi ke salah satu LSPro mengenai pengecualian ini. Terimakasih",,,TX-26-08-0004,Selesai,Auliya,6281131136915,diskusi pengecualian SNI,,
03/08/2026 9:25:48,Ibu,Nanda,Perusahaan Swasta,PT BV,081584807365,nanda.virnia@bureauveritas.com,Sudah pernah jadi customer sebelumnya,Tidak,Permintaan Informasi Layanan,"Alat Elektronik (EMC, RF, Household, Lampu, dll)",Pengajuan Express,Ya,LIXRSHF,,,,,,,,,,,,"Invoice regular, harusnya express",,,TX-26-08-0005,Selesai,Sandy,6281584807365,Sudah dibuatkan invoice baru dari kode booking baru per tanggal 31 Juli,,
03/08/2026 9:33:02,Ibu,Nina,Perusahaan Swasta,PT Newoptics Indonesia,089664772651,ninaoktavia@newoptics.net,Website resmi B4T/BBSPJIBBT,Ya,Lainnya,,,,,,,,,,,,,,,,"""1. Apakah bisa rental untuk chamber 
    - high temp/high humidity (50/80%) 
    - Low temp (0 derajat) 
2. Berapa ukuran ruang dari masing masing chamber diatas
3. Berapa harga sewa chamber untuk perjamnya""",,,TX-26-08-0006,Sedang Diproses,Akbar,6289664772651,silahkan ajukan surat ke ka balai,,
03/08/2026 9:44:23,Bapak,Kun Harisma Abi Najaah,Perorangan,,6282322071868,kunharisma20@gmail.com,Media sosial (Instagram/Facebook/dll),Ya,Lainnya,,,,,,,,,,,,,,,,"Begini, Kak. Kami ingin mengirimkan daftar pengujian yang akan kami lakukan. Namun, sebelumnya kami ingin menanyakan terkait estimasi waktu dan antrean pengujian di laboratorium.

Untuk pengujian yang kami perlukan, yaitu uji densitas dan uji kuat tekan, apakah memungkinkan apabila proses pengujiannya dapat dilakukan dalam kurun waktu sekitar satu pekan? Kami membutuhkan data hasil pengujian tersebut pada bulan ini karena akan digunakan untuk keperluan pengajuan lomba. 

Mohon informasinya terkait estimasi waktu pengujian dan antreannya, Kak. Terima kasih banyak sebelumnya 🙏🏻
",,,TX-26-08-0007,Sedang Diproses,Akbar,6282322071868,berupa biofoam,,
03/08/2026 10:15:38,Ibu,Heni Santika,Perusahaan Swasta,PT Solusi Inti Prakarsa,0851-1134-6469,marketing@solusiintiprakarsa.co.id,Website resmi B4T/BBSPJIBBT,Ya,Permintaan Informasi Layanan,Kalibrasi,Harga/penawaran,,,,,,,,,,,,,,"saya memiliki Portable Leeb Hardness Tester MITECH MH310 dan ingin melakukan kalibrasi.

Mohon informasinya, apakah Bapak/Ibu dapat melakukan kalibrasi untuk alat tersebut serta menerbitkan Sertifikat Kalibrasi? Jika bisa, mohon diinformasikan juga estimasi biaya, lead time, dan apakah laboratorium sudah terakreditasi ISO/IEC 17025 (KAN).",,,TX-26-08-0008,Sedang Diproses,Lia,6285111346469,,,
03/08/2026 10:32:59,Bapak,Rafi Diva Ramadhan,Perusahaan Swasta,PT Metinca Prima Industrial Works,082216407297,rafidivaar@gmail.com,Website resmi B4T/BBSPJIBBT,Ya,Permintaan Informasi Layanan,Logam,Harga/penawaran,,,,,,,,,,,,,,"Perkenalkan, saya Rafi dari PT Metinca Prima Industrial Works. Kami bermaksud menanyakan terkait layanan pengujian kekerasan (hardness test) di B4T.

Saat ini kami memiliki kebutuhan pengujian dengan total sekitar 50–60 sample, yang rencananya akan dilakukan secara bertahap (partial). Untuk tahap pertama, kami berencana mengajukan sebanyak 20 sample.

Mohon informasi mengenai biaya pengujian untuk 20 sample tersebut, serta ketersediaan jadwal pelaksanaan pengujian dalam waktu terdekat.
",,,TX-26-08-0009,Belum Ditangani,Nurul,6282216407297,,,
03/08/2026 10:33:49,Bapak,Joshua,Perusahaan Swasta,PT Motul Indonesia Energy,081212221319,jgultom@motul.co.id,Website resmi B4T/BBSPJIBBT,Tidak,Sertifikasi,,,,,Sertifikasi Produk,Baru,,,,,,,,,,"Per tanggal 31 Juli 2026 ini kami mengajukan Sertifikasi SNI Minyak Lumas asal impor melalui SIINas. Mengingat pentingnya koordinasi dengan pihak pabrik untuk jadwal audit kesesuaian, maka Kami mohon ijin untuk dapat segera diadakan rapat bersama dalam rangka pembahasan jadwal Audit Kesesuaian di pabrik kami di Vietnam. Mohon konfirmasi kesediaannya dari pihak B4T. Terima kasih.",,,TX-26-08-0010,Sedang Diproses,Auliya,6281212221319,,,
03/08/2026 10:37:23,Bapak,Puguh Wiranto,Perusahaan Swasta,PT Metal Castindo Industritama,085718612530,puguh.wira@gmail.com,Rekomendasi rekan/kolega/instansi lain,Ya,Permintaan Informasi Layanan,Logam,Ketersediaan jenis pengujian,,,,,,,,,,,,,,Pengujian Hardness test HRC,,,TX-26-08-0011,Belum Ditangani,Nurul,6285718612530,,,
03/08/2026 10:58:25,Ibu,Jovanka,Perusahaan Swasta,PT Berkat Gadimes Prima (Bgp Konsultan),08886323142,bgp.groupid@gmail.com,Website resmi B4T/BBSPJIBBT,Tidak,Sertifikasi,,,,,Sertifikasi Produk,Baru,,,,,,,,,,Apakah bisa untuk membantu sertifikasi SNI produk cemilan/snack lokal,,,TX-26-08-0012,Selesai,Auliya,628886323142,,,
03/08/2026 11:19:36,Bapak,Ertuti Simbolon,Perusahaan Swasta,Pt Iskandar jaya konstruksi ,6282165459881,iskandar.jayakonstruksi@gmail.com,Media sosial (Instagram/Facebook/dll),Tidak,Hasil Pengujian,,,,,,,,,OHI6284 UBNKAG9,Cek status,,,,,,sudah sampai mana,,,TX-26-08-0013,Selesai,Akbar,6282165459881,draft sudah diupload,,
03/08/2026 11:24:41,Bapak,Dwi Kurniawan,Perusahaan Swasta,PT. Adhi Persada Beton,085895359396,labapbsadang@gmail.com,Website resmi B4T/BBSPJIBBT,Tidak,Permintaan Informasi Layanan,"Bahan Bangunan (Beton, Semen, dll)",Ketersediaan jenis pengujian,,,,,,,,,,,,,,"Siang, ijin tanya apakah di B4T bisa uji :

Tes Air Campuran Beton:
1) Padatan Total Terlarut (ASTM C 1603)
2) pH (SNI 6989.11:2019)
3) Klorida (Cl) (ASTM C 114)
4) Sulfat (SO4) (ASTM C 114)
5) Alkali (Na2O+0.658 K2O) (ASTM C 114)

Tes Alkali Reaktifity, Klorida, Sulfat Pasir/Split (Bentuk Sudah Butiran Halus)
1) Tes Kandungan Klorida (BS EN 1744-1:2009+A1:2012)
2) Tes Kandungan Sulfat (BS EN 1744-1:2009+A1:2012)
3) Tes Alkali Reaktifity (ASTM C289-03)
",,,TX-26-08-0014,Belum Ditangani,Lia,6285895359396,,,
03/08/2026 11:42:34,Bapak,Fandi Armanda,Perorangan,,082226215185,fandiarmanda41@gmail.com,Rekomendasi rekan/kolega/instansi lain,Ya,Lainnya,,,,,,,,,,,,,,,,"Selamat siang bapak/ibu, saya fandi peserta lulusan WI angkatan 85 tahun 2015. Mau nanya apakah b4t ada mengeluarkan semacam kartu/badge/ID utk sertifikat WI?",,,TX-26-08-0015,Selesai,Akbar,6282226215185,B4T tidak mengeluarkan,,
03/08/2026 11:58:13,Tidak perlu,Maghfiratun Nisaa,Perusahaan Swasta,PT. Reka Elang Inovasi,082232239872,maghfiratun.nisaa@rekaelanginovasi.co.id,Website resmi B4T/BBSPJIBBT,Ya,Permintaan Informasi Layanan,Kalibrasi,Ketersediaan jenis pengujian,,,,,,,,,,,,,,Kami akan melakukan pengujian dan kalibrasi Meter Gas Diafragma type G1.6 yang digunakan untuk distribusi gas rumah tangga sebanyak kurang lebih 1000 unit. Kami memerlukan informasi apakah Sucofindo dapat melakukan kalibrasi gas meter tersebut?,,,TX-26-08-0016,Belum Ditangani,Lia,6282232239872,,,
03/08/2026 13:14:29,Ibu,Salma,Perusahaan Swasta,PT.Global Asia Chemicals,6282246769277,RnDglobalasiachem@gmail.com,Website resmi B4T/BBSPJIBBT,Ya,Permintaan Informasi Layanan,"Kimia (Air, Cat, Pelumas, Cairan, dll)",Ketersediaan jenis pengujian,,,,,,,,,,,,,,Ingin tau terkait uji biodegradable beserta rentang harga per sampel nya,,,TX-26-08-0017,Selesai,Akbar,6282246769277,bisa kek KFK atau BBS,,
03/08/2026 13:23:24,Ibu,Marta,Perusahaan Swasta,Pt iskandar jaya konstruksi ,085363778753,iskandar.jayakonstruksi@gmail.com,Rekomendasi rekan/kolega/instansi lain,Tidak,Hasil Pengujian,,,,,,,,,OH16284,Cek status,,,,,,Saya mau tanya kapan keluar hasil pengujian nya,,,TX-26-08-0018,Selesai,Akbar,6285363778753,sudah beres disign,,
03/08/2026 13:25:09,Kak/Saudara/i,Annisa ,Perusahaan Swasta,PT Radian Alpha Instrumentasi,082118132503,marketing@radianalpha.com,Website resmi B4T/BBSPJIBBT,Ya,Billing (Invoice/Kuitansi),,,,,,,,,,,9883333704119295,Cara bayar,,,,Bagaimana cara membayar VA dari bank selain bank BNI? apakah ada VA khusus untuk bank Mandiri?,,,TX-26-08-0019,Selesai,Akbar,6282118132503,quick reply  /bayar,,
03/08/2026 13:45:26,Bapak,wahyu purwanta,Perusahaan Swasta,PT. Artha Mulia Infotama,081380299604,wpurwanta@arthamulia.co.id,Pencarian Google,Ya,Lainnya,,,,,,,,,,,,,,,,"bisakah kalibrasi untuk spectrum analyzer freq ka band, dan berapa biayanya ?",,,TX-26-08-0020,Belum Ditangani,Lia,6281380299604,,,
03/08/2026 13:57:10,Ibu,IKA MUDJIJONO,Perusahaan Swasta,PT. VISI TEKNOLOGI SAMUDRA,081315165489,ika@vtscenter.com,Sudah pernah jadi customer sebelumnya,Tidak,Permintaan Informasi Layanan,Kalibrasi,Ketersediaan jenis pengujian,,,,,,,,,,,,,,KALIBRASI VSWR PARAMETER 12.5 W/50W/100W,,,TX-26-08-0021,Selesai,Lia,6281315165489,belum bisa,,
03/08/2026 14:30:09,Ibu,Jihan,Perusahaan Swasta,IzinBeres.com,082286261654,jihanizinberes@gmail.com,Website resmi B4T/BBSPJIBBT,Ya,Sertifikasi,,,,,Sertifikasi Produk,Baru,,,,,,,,,," untuk biaya, estimasi waktu, dan persyaratan untuk sertifikat SNI Pabrik Botol di Kab. Tangerang, bagaimana ya?",,,TX-26-08-0022,Selesai,Auliya,6282286261654,,,
03/08/2026 14:36:47,Bapak,Rafi Diva Ramadhan,Perusahaan Swasta,PT Metinca Prima Industrial Works,082216407297,rafidivaar@gmail.com,Website resmi B4T/BBSPJIBBT,Ya,Permintaan Informasi Layanan,Logam,Harga/penawaran,,,,,,,,,,,,,,"Perkenalkan, saya Rafi dari PT Metinca Prima Industrial Works. Kami bermaksud menanyakan terkait layanan pengujian kekerasan (hardness test) di B4T.

Saat ini kami memiliki kebutuhan pengujian dengan total sekitar 50–60 sample, yang rencananya akan dilakukan secara bertahap (partial). Untuk tahap pertama, kami berencana mengajukan sebanyak 20 sample.

Mohon informasi mengenai biaya pengujian untuk 20 sample tersebut, serta ketersediaan jadwal pelaksanaan pengujian dalam waktu terdekat.",,,TX-26-08-0023,Belum Ditangani,Nurul,6282216407297,,,
03/08/2026 14:55:01,Bapak,Kurniawan Cahyo,Perusahaan Swasta,PT TUV Rheinland Indonesia,087885048814,kurniawan.cahyo@tuv.com,Sudah pernah jadi customer sebelumnya,Tidak,Permintaan Informasi Layanan,"Alat Elektronik (EMC, RF, Household, Lampu, dll)",Pengajuan Express,Ya,7PZ50U2,,,,,,,,,,,,,,,TX-26-08-0024,Selesai,Sandy,6287885048814,,,
03/08/2026 15:16:31,Kak/Saudara/i,Naja,Perorangan,,0857-3571-3986,jprrisa@gmail.com,Website resmi B4T/BBSPJIBBT,Ya,Lainnya,,,,,,,,,,,,,,,,"Assalamu’alaikum kak mau tanya
 untuk harga pengujian warna resin kategori cat ada tidak kak harga berapa?",,,TX-26-08-0025,Belum Ditangani,Lia,6285735713986,,,
03/08/2026 15:36:23,Bapak,Irvan,Perusahaan Swasta,PT IDIRAYA KENCANA NUSANTARA ,081297796161,irvank_odp@yahoo.co.id,Website resmi B4T/BBSPJIBBT,Ya,Sertifikasi,,,,,Sertifikasi Produk,Baru,,,,,,,,,,Persyaratan dan biaya untuk proses pengajuan SNI Produk Ubin Keramik,,,TX-26-08-0026,Selesai,Auliya,6281297796161,,,
03/08/2026 15:43:06,Bapak,Ibnu Aditya Romadhoni ,Perusahaan Swasta,PT Alpha Unggul Sejahtera ,082297040768,alphaunggulmarketing@gmail.com,Pencarian Google,Ya,Sertifikasi,,,,,Sertifikasi Produk,Baru,,,,,,,,,,Ingin melakukan uji pada produk upvc,,,TX-26-08-0027,Belum Ditangani,Lia,6282297040768,,,
03/08/2026 16:15:29,Kak/Saudara/i,Fauzan Khoirul Rojab,Akademisi/Mahasiswa,Universitas Pendidikan Indonesia,085159769600,khoirulrojab27@gmail.com,Media sosial (Instagram/Facebook/dll),Ya,Lainnya,,,,,,,,,,,,,,,,"Assalamualaikum kak,

Kak izin bertanya sebelum nya, saya tadi sudah wawancara magang hub bersama mba vini di gedung 1 untuk itu saya izin konfirmasi A.N Saya Fauzan Khoirul Rojab, apakah lolos atau tidak? katanya tadi akan dikabari lewat WA langsung sore ini

Terimakasih kak",,,TX-26-08-0028,Selesai,Akbar,6285159769600,masih proses,,
03/08/2026 16:30:47,Bapak,DENDY CAHYONO,Perusahaan Swasta,PT. Inscal Service Indonesia,0817830506,tjahjonodendy@gmail.com,Pencarian Google,Ya,Permintaan Informasi Layanan,"Inspeksi (Nondestructive Test, Peralatan Industri, Struktur dan Bangunan)",Harga/penawaran,,,,,,,,,,,,,,"Kami ingin meminta penawaran untuk pengetesan/ Pemeriksaan material termasuk ketebalan material boiler type waste heat recovery unit, tahun pembuatan 1984, Foster Wheeler Energy Ltd., Max Continous Rating : 67,33 Ton/hr at pressure 45 kg/cm² and temperature 399 ⁰C , Design code : ASME 1 ada incl Winter 1982.",,,TX-26-08-0029,Belum Ditangani,Nurul,62817830506,,,
03/08/2026 16:34:57,Kak/Saudara/i,giza,Perusahaan Swasta,PT PRO PLASTIC PRIMA EXTRUDER,087894861660,gizaagista15@gmail.com,Rekomendasi rekan/kolega/instansi lain,Ya,Permintaan Informasi Layanan,"Kimia (Air, Cat, Pelumas, Cairan, dll)",Syarat & alur pengajuan,,,,,,,,,,,,,,"saya mau tanya jadi kami produksi karung plastik mau digunakan sebagai bungkus garam, maka kami perlu pengujian Food Grade, saya mau tanya syarat dan alur pengajuannya, biaya dan jangka waktu uji lab nya apa bila sudah beres jika barang ini mau di pasarkan ke market apa perlu ada syarat lain lagi yg kami tempuh selain food grade?",,,TX-26-08-0030,Belum Ditangani,Lia,6287894861660,,,
